<?xml version="1.0" encoding="UTF-8"?>
<!DOCTYPE suite SYSTEM "http://testng.org/testng-1.0.dtd">
<suite name="Suite">
  <test name="Test">
    <classes>
    	 <class name="pages.HomePage.HomePageTitle"/>
    	 <class name="pages.Negative.Organization.NegativeLogin"/>
     	 <class name="pages.loginPage.LoginTest"/>
         <class name="pages.Mss.contract.MssHomepage"/>
     	 <class name="pages.Mss.contract.mssContract"/>
       	 <class name="pages.Login.Finance.financeLogin"/>
         <class name="pages.Finance.Navigation.callFinance"/>
     	 <class name="pages.Finance.Navigation.keysFinance"/>
     	 <class name="pages.DAM.Approval.DAM_Login" />
    </classes>
  </test> <!-- Test -->
</suite> <!-- Suite -->
